{"count":1,"self":169.48081919999998,"total":174.5170987,"children":{"InitializeActuators":{"count":2,"self":0.0039894,"total":0.0039894,"children":null},"InitializeSensors":{"count":2,"self":0.0009972,"total":0.0009972,"children":null},"AgentSendState":{"count":8488,"self":0.19607449999999998,"total":0.2915069,"children":{"CollectObservations":{"count":3396,"self":0.044700899999999995,"total":0.044700899999999995,"children":null},"WriteActionMask":{"count":3396,"self":0.0099230999999999989,"total":0.0099230999999999989,"children":null},"RequestDecision":{"count":3396,"self":0.0408084,"total":0.0408084,"children":null}}},"DecideAction":{"count":8488,"self":4.0204623999999995,"total":4.3261506,"children":{"RayPerceptionSensor.Perceive":{"count":3396,"self":0.30568839999999997,"total":0.30568839999999997,"children":null}}},"AgentAct":{"count":8488,"self":0.411615,"total":0.411615,"children":null}},"gauges":{"Penguin.CumulativeReward":{"count":4,"max":11.4294281,"min":10.3422194,"runningAverage":10.8858919,"value":10.3422194,"weightedAverage":10.9538279}},"metadata":{"timer_format_version":"0.1.0","start_time_seconds":"1620793806","unity_version":"2019.4.21f1","command_line_arguments":"D:\\UnityEditors\\2019.4.21f1\\Editor\\Unity.exe -projectpath C:\/Users\/chaac\/Desktop\/Topics\/topics-in-compsci\/Restaurant -useHub -hubIPC -cloudEnvironment production -hubSessionId 6f2132d0-b295-11eb-84fe-e922a91ad395 -accessToken R4VK3QiyV0QhxrHUtkdn1J62JKMAD2yOmsiPLf1ngk4002f","communication_protocol_version":"1.5.0","com.unity.ml-agents_version":"1.9.0-preview","scene_name":"Large-Combo-Layout","end_time_seconds":"1620793980"}}