{"count":1,"self":52.6789504,"total":53.771979599999995,"children":{"InitializeActuators":{"count":2,"self":0.0039976,"total":0.0039976,"children":null},"InitializeSensors":{"count":2,"self":0.0019990999999999997,"total":0.0019990999999999997,"children":null},"AgentSendState":{"count":2456,"self":0.043944699999999996,"total":0.0848756,"children":{"CollectObservations":{"count":984,"self":0.0109631,"total":0.0109631,"children":null},"WriteActionMask":{"count":984,"self":0.0049976,"total":0.0049976,"children":null},"RequestDecision":{"count":984,"self":0.024970199999999998,"total":0.024970199999999998,"children":null}}},"DecideAction":{"count":2456,"self":0.85834539999999993,"total":0.9152595,"children":{"RayPerceptionSensor.Perceive":{"count":984,"self":0.056914099999999995,"total":0.056914099999999995,"children":null}}},"AgentAct":{"count":2456,"self":0.085898599999999992,"total":0.085898599999999992,"children":null}},"gauges":{"Penguin.CumulativeReward":{"count":2,"max":1.81680059,"min":1.816796,"runningAverage":1.81679821,"value":1.816796,"weightedAverage":1.8167994}},"metadata":{"timer_format_version":"0.1.0","start_time_seconds":"1618864365","unity_version":"2019.4.21f1","command_line_arguments":"C:\\Users\\pmarc\\Desktop\\Unity\\2019.4.21f1\\Editor\\Unity.exe -projectpath C:\/Users\/pmarc\/Desktop\/topics-in-compsci\/Restaurant -useHub -hubIPC -cloudEnvironment production -hubSessionId 8ffd4290-a12a-11eb-a317-5966af4a7297 -accessToken MUXx2O_KhvE5G6QHMuIMWqVRRU0n7F5xHLZyQzksNbQ002f","communication_protocol_version":"1.5.0","com.unity.ml-agents_version":"1.9.0-preview","scene_name":"SampleScene","end_time_seconds":"1618864418"}}